species_Adelie,species_Chinstrap,species_Gentoo,island_Biscoe,island_Dream,island_Torgersen,bill_length_mm,bill_depth_mm,flipper_length_mm,body_mass_g,bill_length_mm bill_depth_mm,bill_length_mm flipper_length_mm,bill_length_mm body_mass_g,bill_depth_mm flipper_length_mm,bill_depth_mm body_mass_g,bill_length_mm_bill_depth_mm_ratio,body_mass_g_bill_length_mm^2_ratio,body_mass_g_bill_length_mm bill_depth_mm_ratio,cluster_5,dist_to_cluster_1,dist_to_cluster_2,dist_to_cluster_3,dist_to_cluster_4
True,False,False,False,False,True,39.1,18.7,181.0,3750.0,731.17,7077.1,146625.0,3384.7,70125.0,2.0909090909090913,2.4528881940855958,5.128766223997156,0,4.415258023874034,3.60003368232772,1.0924353815853827,2.204747075543099
True,False,False,False,False,True,39.5,17.4,186.0,3800.0,687.3,7347.0,150100.0,3236.3999999999996,66120.0,2.270114942528736,2.4355071302675855,5.528881129055725,0,3.9277703417553576,2.9385779684645645,1.2041966059104423,2.0593221938628696
True,False,False,False,False,True,40.3,18.0,195.0,3250.0,725.4,7858.499999999999,130974.99999999999,3510.0,58500.0,2.238888888888889,2.0011206275514293,4.480286738351254,0,4.001584201125667,3.0530504120444317,1.272952778058192,1.8180631588484963
True,False,False,False,False,True,36.7,19.3,193.0,3450.0,708.3100000000001,7083.1,126615.00000000001,3724.9,66585.0,1.9015544041450778,2.5614563921329876,4.870748683486044,0,4.4637445697489335,3.672067978751361,1.0621122202687756,2.4003314658760777
True,False,False,False,False,True,39.3,20.6,190.0,3650.0,809.58,7466.999999999999,143445.0,3914.0000000000005,75190.0,1.907766990291262,2.3632396454493074,4.508510585735813,3,4.518105856577615,3.988391500817758,0.9261691673099562,2.1757990943019196
True,False,False,False,False,True,38.9,17.8,181.0,3625.0,692.42,7040.9,141012.5,3221.8,64525.0,2.185393258426966,2.395569682991786,5.235261835302273,0,4.379345723436046,3.4068944226127087,1.371044537792418,2.2786584807033035
True,False,False,False,False,True,39.2,19.6,195.0,4675.0,768.3200000000002,7644.000000000001,183260.0,3822.0000000000005,91630.0,2.0,3.042352144939608,6.084704289879216,3,3.524472332660985,3.1952806232124455,0.7461127793643654,2.2217587614939367
True,False,False,False,False,True,41.1,17.6,182.0,3200.0,723.3600000000001,7480.2,131520.0,3203.2000000000003,56320.00000000001,2.3352272727272725,1.894376661279533,4.423800044238,0,4.459683120750527,3.437022968030306,1.672062849190967,2.061224342947704
True,False,False,False,False,True,38.6,21.2,191.0,3800.0,818.32,7372.6,146680.0,4049.2,80560.0,1.8207547169811322,2.550404037692287,4.643660181835957,3,4.62284477340219,4.192667571134324,1.0934595787150252,2.4170231669324425
True,False,False,False,False,True,34.6,21.1,198.0,4400.0,730.0600000000001,6850.8,152240.0,4177.8,92840.0,1.6398104265402844,3.675365030572354,6.026901898474097,3,4.4761023061025265,4.1458380632153204,1.4592549197551963,3.081482025243781
True,False,False,False,False,True,36.6,17.8,185.0,3700.0,651.48,6771.0,135420.0,3293.0,65860.0,2.056179775280899,2.7621009883842453,5.679376189599067,0,4.360756922902262,3.3678812683501627,1.3165823868800577,2.5233104412025154
True,False,False,False,False,True,38.7,19.0,195.0,3450.0,735.3000000000001,7546.500000000001,133515.0,3705.0,65550.0,2.0368421052631582,2.303547463093163,4.6919624643002855,3,4.147675590949882,3.3611765021232665,0.8984458650588254,2.011530830381847
True,False,False,False,False,True,42.5,20.7,197.0,4500.0,879.75,8372.5,191250.0,4077.8999999999996,93150.0,2.0531400966183577,2.491349480968858,5.115089514066496,3,3.5955640816836962,3.4944080655272427,0.9618219688334103,1.8712610337583624
True,False,False,False,False,True,34.4,18.4,184.0,3325.0,632.9599999999999,6329.599999999999,114380.0,3385.6,61179.99999999999,1.8695652173913044,2.809795835586804,5.253096562184025,0,4.956735906994137,3.9578101539104367,1.6902629222931818,2.952736200094944
True,False,False,False,False,True,46.0,21.5,194.0,4200.0,989.0,8924.0,193200.0,4171.0,90300.0,2.13953488372093,1.9848771266540643,4.246713852376137,3,3.967416511838055,3.9470054023289296,1.5179438041003799,1.7005590236227541
True,False,False,True,False,False,37.8,18.3,174.0,3400.0,691.74,6577.2,128519.99999999999,3184.2000000000003,62220.0,2.065573770491803,2.379552644102909,4.915141527163385,0,5.019247318478871,4.057306661033026,1.8103179359298012,2.733748971498292
True,False,False,True,False,False,37.7,18.7,180.0,3600.0,704.99,6786.000000000001,135720.0,3366.0,67320.0,2.016042780748663,2.5329102435111763,5.1064554107150455,0,4.673693506050969,3.7994523301846352,1.309348298704116,2.472630325199529
True,False,False,True,False,False,35.9,19.2,189.0,3800.0,689.28,6785.099999999999,136420.0,3628.7999999999997,72960.0,1.8697916666666667,2.9484563279304163,5.512999071494893,3,4.436027141617544,3.6682441871438156,0.9660568853895284,2.548663270407466
True,False,False,True,False,False,38.2,18.1,185.0,3950.0,691.4200000000001,7067.000000000001,150890.0,3348.5000000000005,71495.0,2.110497237569061,2.7068885173103805,5.712880738190969,0,4.08882407040173,3.218475702241479,0.9902688477528275,2.238929046076829
True,False,False,True,False,False,38.8,17.2,180.0,3800.0,667.3599999999999,6983.999999999999,147440.0,3096.0,65360.0,2.255813953488372,2.524178977574663,5.694078158714937,0,4.260252829606428,3.234154059487655,1.5416319215668692,2.392087506921527
True,False,False,True,False,False,35.3,18.9,187.0,3800.0,667.1699999999998,6601.099999999999,134140.0,3534.2999999999997,71820.0,1.8677248677248677,3.0495389578601872,5.69569974669125,0,4.519763927628353,3.6918473142037795,1.1338693069930186,2.6763491660445218
True,False,False,True,False,False,40.6,18.6,183.0,3550.0,755.1600000000001,7429.8,144130.0,3403.8,66030.0,2.182795698924731,2.153655754810842,4.700990518565601,0,4.322649355720694,3.490398723858913,1.1073317580980746,1.9188899731385374
True,False,False,True,False,False,40.5,17.9,187.0,3200.0,724.9499999999999,7573.5,129600.0,3347.2999999999997,57279.99999999999,2.2625698324022347,1.9509221155311691,4.414097523967171,0,4.318867944713004,3.3293325426830487,1.4344419956540186,1.9530483347942746
True,False,False,True,False,False,37.9,18.6,172.0,3150.0,704.94,6518.8,119385.0,3199.2000000000003,58590.00000000001,2.0376344086021505,2.192967189033772,4.468465401310749,0,5.31683639922468,4.355408770289485,2.0486551304640894,2.876480885999955
True,False,False,True,False,False,40.5,18.9,180.0,3950.0,765.4499999999999,7290.0,159975.0,3401.9999999999995,74655.0,2.1428571428571432,2.4081694863587866,5.1603631850545435,3,4.2734645467245524,3.5626422389526677,1.029859230181694,2.047907298912926
True,False,False,False,True,False,39.5,16.7,178.0,3250.0,659.65,7031.0,128375.0,2972.6,54275.0,2.3652694610778444,2.082999519307803,4.926855150458577,0,4.648386396787144,3.488656798372855,2.059317656151277,2.548785144513381
True,False,False,False,True,False,37.2,18.1,178.0,3900.0,673.32,6621.6,145080.0,3221.8,70590.0,2.0552486187845305,2.8182448838015954,5.792193904829798,0,4.54589036082301,3.6400850572882963,1.4368799844018003,2.6261588607443405
True,False,False,False,True,False,39.5,17.8,188.0,3300.0,703.1,7426.0,130350.0,3346.4,58740.0,2.2191011235955056,2.1150456657586925,4.6935002133409185,0,4.259885770558385,3.2501945252568087,1.3510506591822178,2.0517662592042787
True,False,False,False,True,False,40.9,18.9,184.0,3900.0,773.0099999999999,7525.599999999999,159510.0,3477.6,73710.0,2.164021164021164,2.3314064358773563,5.04521286917375,3,4.078593227986327,3.3792344420569638,0.7863115726004127,1.82222703557572
True,False,False,False,True,False,36.4,17.0,195.0,3325.0,618.8,7098.0,121030.0,3315.0,56525.0,2.1411764705882352,2.509509721048183,5.373303167420815,0,4.19249430397359,3.0367660671586076,1.701609457081264,2.5721263595126675
True,False,False,False,True,False,39.2,21.1,196.0,4150.0,827.1200000000001,7683.200000000001,162680.0,4135.6,87565.0,1.8578199052132702,2.7006976259891706,5.017409807524905,3,4.186752590287159,3.8963217136657065,0.9376153453618165,2.3007846058142505
True,False,False,False,True,False,38.8,20.0,190.0,3950.0,776.0,7371.999999999999,153260.0,3800.0,79000.0,1.94,2.6238176214262943,5.09020618556701,3,4.214450472976307,3.664913457389705,0.5559848681053661,2.1325514143472315
True,False,False,False,True,False,42.2,18.5,180.0,3550.0,780.7,7596.000000000001,149810.0,3330.0,65675.0,2.2810810810810813,1.9934412973652882,4.547201229665684,0,4.344784311364058,3.533323323597311,1.3256029334302553,1.820433883468202
True,False,False,False,True,False,37.6,19.3,181.0,3300.0,725.6800000000001,6805.6,124080.0,3493.3,63690.0,1.9481865284974094,2.334200995925758,4.547458935067798,0,4.943210485361112,4.095307974767119,1.4525475343466792,2.5443980144023723
True,False,False,False,True,False,39.8,19.1,184.0,4650.0,760.18,7323.2,185070.0,3514.4,88815.0,2.083769633507853,2.9355319310118437,6.11697229603515,3,3.8445726855427234,3.3616043059182723,0.9782832456991811,2.267241752965948
True,False,False,False,True,False,36.5,18.0,182.0,3150.0,657.0,6643.0,114975.0,3276.0,56700.0,2.0277777777777777,2.3644210921373614,4.794520547945205,0,4.90611524732185,3.852851960648147,1.7600325499731149,2.7264325039314565
True,False,False,False,True,False,40.8,18.4,195.0,3900.0,750.7199999999999,7955.999999999999,159120.0,3587.9999999999995,71760.0,2.217391304347826,2.3428489042675897,5.195012787723786,3,3.5072797132232605,2.7742916995082347,0.556774315399083,1.578117937706754
True,False,False,False,True,False,36.0,18.5,186.0,3100.0,666.0,6696.0,111600.0,3441.0,57350.0,1.945945945945946,2.3919753086419755,4.654654654654655,0,4.898530044012518,3.9032059172459985,1.6456857797268054,2.711412338412836
True,False,False,False,True,False,44.1,19.7,196.0,4400.0,868.77,8643.6,194040.0,3861.2,86680.0,2.238578680203046,2.262431805677675,5.064631605603324,3,3.2425043191423386,3.028673617624535,0.8138497604898869,1.3484896058380358
True,False,False,False,True,False,37.0,16.9,185.0,3000.0,625.3,6845.0,111000.0,3126.4999999999995,50699.99999999999,2.1893491124260356,2.191380569758948,4.797697105389413,0,4.755680024768688,3.552219546670998,2.053104962958191,2.7505118659926193
True,False,False,False,True,False,39.6,18.8,190.0,4600.0,744.48,7524.0,182160.0,3572.0,86480.0,2.106382978723404,2.9333741454953572,6.1788093702987315,3,3.523786751841757,3.013564145943645,0.7280647334236933,2.11107417319392
True,False,False,False,True,False,41.1,19.0,182.0,3425.0,780.9,7480.2,140767.5,3458.0,65075.0,2.1631578947368424,2.02757502027575,4.385964912280702,0,4.495247404664762,3.7059243382061657,1.2210095748721468,1.9271019865566157
True,False,False,False,True,False,36.0,17.9,190.0,3450.0,644.4,6840.0,124200.0,3400.9999999999995,61754.99999999999,2.011173184357542,2.662037037037037,5.353817504655494,0,4.40631706196499,3.3864191240602395,1.3838460487675084,2.554989067026637
True,False,False,False,True,False,42.3,21.2,191.0,4150.0,896.7599999999999,8079.299999999999,175545.0,4049.2,87980.0,1.9952830188679245,2.3193557221020633,4.627771087024399,3,4.168830565371857,3.94143061496496,1.0363135240421824,1.9577393243931793
True,False,False,True,False,False,39.6,17.7,186.0,3500.0,700.92,7365.6,138600.0,3292.2,61950.0,2.2372881355932206,2.2319151107029893,4.993437196827028,0,4.168361616580091,3.1735638060936933,1.2644256410872012,2.0374016155048444
True,False,False,True,False,False,40.1,18.9,188.0,4300.0,757.89,7538.8,172430.0,3553.2,81270.0,2.121693121693122,2.674112723179582,5.673646571402182,3,3.729564384010567,3.1379067949802093,0.5239155962396406,1.9269458372387995
True,False,False,True,False,False,35.0,17.9,190.0,3450.0,626.5,6650.0,120750.0,3400.9999999999995,61754.99999999999,1.9553072625698324,2.816326530612245,5.506783719074222,0,4.513796515767632,3.4842672270723116,1.4964446837483136,2.7305042185777966
True,False,False,True,False,False,42.0,19.5,200.0,4050.0,819.0,8400.0,170100.0,3900.0,78975.0,2.1538461538461537,2.295918367346939,4.945054945054945,3,3.3896096531205755,2.979627269458207,0.551289165282586,1.470836435084954
True,False,False,True,False,False,34.5,18.1,187.0,2900.0,624.45,6451.5,100050.0,3384.7000000000003,52490.00000000001,1.9060773480662982,2.436462927956312,4.644086796380814,0,5.111398895915531,4.028108462656625,2.0120092054814216,3.034443573288408
True,False,False,True,False,False,41.4,18.6,191.0,3700.0,770.0400000000001,7907.4,153180.0,3552.6000000000004,68820.0,2.225806451612903,2.158743494597307,4.80494519765207,3,3.8055201705050217,3.0533096057884253,0.6934577169526551,1.5234910990512196
True,False,False,True,False,False,39.0,17.5,186.0,3550.0,682.5,7254.0,138450.0,3255.0,62125.0,2.2285714285714286,2.333990795529257,5.201465201465202,0,4.158891791870068,3.130546394601751,1.3147268634207028,2.147954278227314
True,False,False,True,False,False,40.6,18.8,193.0,3800.0,763.2800000000001,7835.8,154280.0,3628.4,71440.0,2.1595744680851063,2.3053216530369576,4.978513782622366,3,3.7552299406627103,3.0492181077676497,0.48050246399880814,1.6310593462235592
True,False,False,True,False,False,36.5,16.6,181.0,2850.0,605.9000000000001,6606.5,104025.0,3004.6000000000004,47310.00000000001,2.1987951807228914,2.1392381309814223,4.7037464928205965,0,5.068592151869542,3.8184913533832034,2.393382467437375,3.0422362261422324
True,False,False,True,False,False,37.6,19.1,194.0,3750.0,718.1600000000001,7294.400000000001,141000.0,3705.4,71625.0,1.9685863874345548,2.652501131733816,5.221677620585941,3,4.090433807619377,3.3547116648701447,0.6853335865891622,2.1776947280307
True,False,False,True,False,False,35.7,16.9,185.0,3150.0,603.33,6604.500000000001,112455.00000000001,3126.4999999999995,53234.99999999999,2.112426035502959,2.4715768660405333,5.221023320570832,0,4.759636604933297,3.5586728231783376,2.020063783945481,2.891872953986754
True,False,False,True,False,False,41.3,21.1,195.0,4400.0,871.43,8053.499999999999,181720.0,4114.5,92840.0,1.9573459715639807,2.5796012171027565,5.0491720505376225,3,3.9359358538353932,3.779979909127493,0.9870883489025127,2.0983899784019844
True,False,False,True,False,False,37.6,17.0,185.0,3600.0,639.2,6956.0,135360.0,3145.0,61200.0,2.211764705882353,2.546401086464463,5.632040050062578,0,4.249203140477129,3.1345670355410027,1.5682074831666208,2.4653125930711095
True,False,False,True,False,False,41.1,18.2,192.0,4050.0,748.02,7891.200000000001,166455.0,3494.3999999999996,73710.0,2.258241758241758,2.397570461931909,5.4142937354616185,3,3.4657734051696707,2.7297397278581768,0.6110618744528318,1.5961483919466066
True,False,False,True,False,False,36.4,17.1,184.0,2850.0,622.44,6697.599999999999,103740.0,3146.4,48735.00000000001,2.1286549707602336,2.151008332327014,4.5787545787545785,0,4.9859982805068475,3.7901357543339906,2.1832976746369055,2.905943743530781
True,False,False,True,False,False,41.6,18.0,192.0,3950.0,748.8000000000001,7987.200000000001,164320.0,3456.0,71100.0,2.3111111111111113,2.282498150887574,5.275106837606837,3,3.4575002502532644,2.6713935109525173,0.7550228057912484,1.5052567030891466
True,False,False,True,False,False,35.5,16.2,195.0,3350.0,575.1,6922.5,118925.0,3159.0,54270.0,2.191358024691358,2.658202737552073,5.825073900191271,0,4.229352654247595,2.957813399239043,2.0568472689761474,2.8644973359719264
True,False,False,True,False,False,41.1,19.1,188.0,4100.0,785.0100000000001,7726.8,168510.0,3590.8,78310.0,2.1518324607329844,2.4271700972644017,5.222863403013974,3,3.8009306758452066,3.2109453770713148,0.4523034378098087,1.7091161613643435
True,False,False,False,False,True,35.9,16.6,190.0,3050.0,595.94,6821.0,109495.0,3154.0000000000005,50630.00000000001,2.1626506024096384,2.3665241579441503,5.117964895794878,0,4.6153065254295695,3.369265958563441,2.100783985434793,2.860641749363695
True,False,False,False,False,True,41.8,19.4,198.0,4450.0,810.9199999999998,8276.4,186010.0,3841.2,86330.0,2.154639175257732,2.5468739268789635,5.487594337295912,3,3.2093469079319226,2.896432719116187,0.5821337941763391,1.6565770359339658
True,False,False,False,False,True,33.5,19.0,190.0,3600.0,636.5,6365.0,120600.0,3610.0,68400.0,1.763157894736842,3.2078413900646026,5.655930871956009,0,4.749246991868642,3.883606429805844,1.441063776426314,2.962537940902332
True,False,False,False,False,True,39.7,18.4,190.0,3900.0,730.48,7543.000000000001,154830.0,3495.9999999999995,71760.0,2.1576086956521743,2.4744779803183827,5.338955207534772,3,3.8087922490658404,3.021447585087241,0.6178956846335076,1.8443275368490555
True,False,False,False,False,True,39.6,17.2,196.0,3550.0,681.12,7761.6,140580.0,3371.2,61060.0,2.302325581395349,2.2637996122844606,5.212003758515387,0,3.669782596312766,2.615110335695596,1.307729748417759,1.940277472562264
True,False,False,False,False,True,45.8,18.9,197.0,4150.0,865.6199999999999,9022.599999999999,190070.0,3723.2999999999997,78435.0,2.4232804232804233,1.9784138365019737,4.79425151914235,4,3.031669351925617,2.6842075604534905,1.0510593850301926,0.8001817780572428
True,False,False,False,False,True,35.5,17.5,190.0,3700.0,621.25,6745.0,131350.0,3325.0,64750.0,2.0285714285714285,2.9359254116246776,5.955734406438632,0,4.2398743078809655,3.1976885237921344,1.4105715650185673,2.644626262849958
True,False,False,False,False,True,42.8,18.5,195.0,4250.0,791.8,8346.0,181900.0,3607.5,78625.0,2.3135135135135134,2.320071621975719,5.367517049760041,3,3.131215160649006,2.5951611994339703,0.6472734934843127,1.332951315025184
True,False,False,False,False,True,40.9,16.8,191.0,3700.0,687.12,7811.9,151330.0,3208.8,62160.0,2.4345238095238093,2.211847131473389,5.384794504598905,0,3.5979885472520365,2.51336457736664,1.4045832722750746,1.846550814996953
True,False,False,False,False,True,37.2,19.4,184.0,3900.0,721.68,6844.8,145080.0,3569.6,75660.0,1.9175257731958766,2.8182448838015954,5.404057199866977,3,4.492607363575481,3.7784008492237597,0.9435121073179344,2.4537142274488644
True,False,False,False,False,True,36.2,16.1,187.0,3550.0,582.82,6769.400000000001,128510.00000000001,3010.7000000000003,57155.00000000001,2.248447204968944,2.7090137663685474,6.0910744312137535,0,4.296056298600299,3.0361683641112567,2.0003205717050414,2.827103835772207
True,False,False,False,False,True,42.1,19.1,195.0,4000.0,804.1100000000001,8209.5,168400.0,3724.5000000000005,76400.0,2.2041884816753927,2.2568141682793486,4.974443795003171,3,3.4897409090812554,2.9522486338783596,0.38201550524993494,1.3837274696307946
True,False,False,False,False,True,34.6,17.2,189.0,3200.0,595.12,6539.400000000001,110720.0,3250.7999999999997,55040.0,2.011627906976744,2.672992749507167,5.377066810055115,0,4.706303208837038,3.5438346768263194,1.920114124247008,2.9426358621910285
True,False,False,False,False,True,42.9,17.6,196.0,4700.0,755.0400000000001,8408.4,201630.0,3449.6000000000004,82720.0,2.4374999999999996,2.5537787775550016,6.224835770290315,3,2.637716063064529,2.1182692351325203,1.2462040934348024,1.7048041964923946
True,False,False,False,False,True,36.7,18.8,187.0,3800.0,689.96,6862.900000000001,139460.0,3515.6,71440.0,1.952127659574468,2.8213142869870587,5.5075656559800565,0,4.355691332225187,3.535657455673607,0.9505190323170383,2.428331659026452
True,False,False,False,False,True,35.1,19.4,193.0,4200.0,680.9399999999999,6774.3,147420.0,3744.2,81480.0,1.8092783505154642,3.409063238123067,6.1679443122742095,3,4.203607044745241,3.570410546136493,0.9669423629737234,2.7040948238070923
True,False,False,False,True,False,37.3,17.8,191.0,3350.0,663.9399999999999,7124.299999999999,124954.99999999999,3399.8,59630.0,2.095505617977528,2.4078373308224745,5.045636653914511,0,4.300627535198845,3.2686749916075515,1.3629546499999157,2.348059083304736
True,False,False,False,True,False,41.3,20.3,194.0,3550.0,838.39,8012.2,146615.0,3938.2000000000003,72065.0,2.0344827586206895,2.0812691637988148,4.234306229797588,3,4.216719344714307,3.7066868827987247,0.8750127348011187,1.7546287540905456
True,False,False,False,True,False,36.3,19.5,190.0,3800.0,707.8499999999999,6896.999999999999,137940.0,3705.0,74100.0,1.8615384615384614,2.883834589319188,5.368369004732642,3,4.420453302575837,3.707470248076656,0.882463718291768,2.4863999706192117
True,False,False,False,True,False,36.9,18.6,189.0,3500.0,686.34,6974.099999999999,129150.0,3515.4,65100.00000000001,1.9838709677419353,2.570486409471141,5.0995133607250045,0,4.419751026687771,3.5206647057848204,1.1107396600339206,2.379533676642122
True,False,False,False,True,False,38.3,19.2,189.0,3950.0,735.3599999999999,7238.7,151285.0,3628.7999999999997,75840.0,1.9947916666666665,2.6927717824785775,5.371518711923413,3,4.107512099079729,3.4230720625838127,0.5492533298199773,2.1363133055295718
True,False,False,False,True,False,38.9,18.8,190.0,3600.0,731.32,7391.0,140040.0,3572.0,67680.0,2.0691489361702127,2.3790485127642564,4.922605699283487,0,4.159889882756584,3.3512990940050984,0.7896611958360552,1.9967528293652677
True,False,False,False,True,False,35.7,18.0,202.0,3550.0,642.6,7211.400000000001,126735.00000000001,3636.0,63900.0,1.9833333333333334,2.785427896648855,5.5244319950202305,0,4.001296444655197,3.0666087611568007,1.4197014090385274,2.554565077619347
True,False,False,False,True,False,41.1,18.1,205.0,4300.0,743.9100000000001,8425.5,176730.0,3710.5000000000005,77830.0,2.270718232044199,2.5455686385943723,5.780269118576172,3,2.7818428177225054,2.220572494884458,1.052641328566259,1.7415578304944745
True,False,False,False,True,False,34.0,17.1,185.0,3400.0,581.4000000000001,6290.0,115600.0,3163.5000000000005,58140.00000000001,1.9883040935672514,2.9411764705882355,5.847953216374268,0,4.76994078519997,3.6134595741896813,1.953489912553952,3.0738913967060806
True,False,False,False,True,False,39.6,18.1,186.0,4450.0,716.7600000000001,7365.6,176220.0,3366.6000000000004,80545.0,2.187845303867403,2.8377206407509434,6.20849377755455,3,3.6444644185864496,2.9468030717030285,0.9458927956665949,2.1306760684319843
True,False,False,False,True,False,36.2,17.3,187.0,3300.0,626.2600000000001,6769.400000000001,119460.00000000001,3235.1,57090.0,2.092485549132948,2.5182381490186496,5.269376936096828,0,4.546772993685951,3.4183338787424575,1.7030538805206255,2.667436072264413
True,False,False,False,True,False,40.8,18.9,208.0,4300.0,771.1199999999999,8486.4,175440.0,3931.2,81270.0,2.1587301587301586,2.583141099577086,5.57630459591244,3,2.930394297484125,2.5608430234613606,1.068214771340973,1.8587665547107237
True,False,False,False,True,False,38.1,18.6,190.0,3700.0,708.6600000000001,7239.0,140970.0,3534.0000000000005,68820.0,2.0483870967741935,2.548893986676862,5.221121553354217,0,4.126234583295249,3.2908340580204225,0.8024364882984942,2.1237408881310706
True,False,False,False,True,False,40.3,18.5,196.0,4350.0,745.55,7898.799999999999,175305.0,3626.0,80475.0,2.1783783783783783,2.678422993799605,5.834618737844544,3,3.2464898869288175,2.6644609416043785,0.5388615324028828,1.7944399394752502
True,False,False,False,True,False,33.1,16.1,178.0,2900.0,532.9100000000001,5891.8,95990.0,2865.8,46690.00000000001,2.0559006211180124,2.6469272825184142,5.44181944418382,0,5.462782637387295,4.152331648593196,2.8297968226248416,3.6803439402938727
True,False,False,False,True,False,43.2,18.5,192.0,4100.0,799.2,8294.400000000001,177120.0,3552.0,75850.0,2.3351351351351353,2.1969307270233194,5.13013013013013,3,3.334178957519514,2.7397177725234845,0.6860914157361576,1.2428612602981204
True,False,False,True,False,False,35.0,17.9,192.0,3725.0,626.5,6720.0,130375.0,3436.7999999999997,66677.5,1.9553072625698324,3.0408163265306123,5.9457302474062255,0,4.254292890299556,3.278095155456102,1.3170991525157625,2.674289185410452
True,False,False,True,False,False,41.0,20.0,203.0,4725.0,820.0,8323.0,193725.0,4060.0,94500.0,2.05,2.8108268887566923,5.762195121951219,3,3.1770041931387607,3.090593364616662,1.0686821944698222,2.088189120953464
True,False,False,True,False,False,37.7,16.0,183.0,3075.0,603.2,6899.1,115927.50000000001,2928.0,49200.0,2.35625,2.1635274996657965,5.097811671087533,0,4.679674572984837,3.3831348632496985,2.3166284822822343,2.843618278441406
True,False,False,True,False,False,37.8,20.0,190.0,4250.0,756.0,7181.999999999999,160650.0,3800.0,85000.0,1.89,2.9744408051286366,5.621693121693122,3,4.149064135162408,3.6550683217834288,0.6579195765128973,2.3601946274796
True,False,False,True,False,False,37.9,18.6,193.0,2925.0,704.94,7314.7,110857.5,3589.8,54405.00000000001,2.0376344086021505,2.0363266755313596,4.149289301217125,0,4.641642237253923,3.6877913685589556,1.5895021244950758,2.375811720325386
True,False,False,True,False,False,39.7,18.9,184.0,3550.0,750.33,7304.8,140935.0,3477.6,67095.0,2.100529100529101,2.252409443623143,4.731251582636973,0,4.398012722841754,3.5909570356533838,1.020819288607283,2.0306227422816128
True,False,False,True,False,False,38.6,17.2,199.0,3750.0,663.92,7681.400000000001,144750.0,3422.7999999999997,64500.0,2.244186046511628,2.5168460898279146,5.648270876009158,0,3.504241171084713,2.479366651834824,1.2727513374387562,2.090340236372408
True,False,False,True,False,False,38.2,20.0,190.0,3900.0,764.0,7258.000000000001,148980.0,3800.0,78000.0,1.9100000000000001,2.6726241056988567,5.104712041884817,3,4.296835179087348,3.719415292358145,0.6420045764453894,2.227907953160586
True,False,False,True,False,False,38.1,17.0,181.0,3175.0,647.7,6896.1,120967.5,3077.0,53975.0,2.2411764705882353,2.187226596675415,4.901960784313725,0,4.695568666949244,3.5378344029504705,1.9420000173409178,2.609563587289998
True,False,False,True,False,False,43.2,19.0,197.0,4775.0,820.8000000000001,8510.400000000001,206280.0,3743.0,90725.0,2.2736842105263158,2.5586205418381343,5.817495126705652,3,2.8698169894353915,2.6766815742509684,1.0163603153136493,1.671041948448779
True,False,False,True,False,False,38.1,16.5,198.0,3825.0,628.65,7543.8,145732.5,3267.0,63112.5,2.309090909090909,2.6350052700105397,6.0844667143879745,0,3.478241140987608,2.324964549658996,1.5688314967098813,2.312450973956129
True,False,False,True,False,False,45.6,20.3,191.0,4600.0,925.6800000000001,8709.6,209760.0,3877.3,93380.0,2.2463054187192117,2.212219144352108,4.969319851352519,3,3.486953787172004,3.426177851362073,1.2560014581654204,1.56083805059153
True,False,False,True,False,False,39.7,17.7,193.0,3200.0,702.69,7662.1,127040.00000000001,3416.1,56640.0,2.2429378531073447,2.0303409069279037,4.553928474860891,0,4.123614500845457,3.0999284106782588,1.4131142774099903,1.9867890498802827
True,False,False,True,False,False,42.2,19.5,197.0,4275.0,822.9000000000001,8313.400000000001,180405.0,3841.5,83362.5,2.1641025641025644,2.4005525482356638,5.195041924899744,3,3.3404599753141158,2.983388692776558,0.46587281260377883,1.5109213976892257
True,False,False,True,False,False,39.6,20.7,191.0,3900.0,819.72,7563.6,154440.0,3953.7,80730.0,1.9130434782608696,2.4869911233547595,4.757722149026496,3,4.334617752314622,3.8946801096573567,0.782707433795428,2.1350275356540296
True,False,False,True,False,False,42.7,18.3,196.0,4075.0,781.4100000000001,8369.2,174002.5,3586.8,74572.5,2.3333333333333335,2.2349708493986142,5.2149319819301,3,3.1688399747802185,2.5384117317389587,0.7002063161119456,1.2737834572010112
True,False,False,False,False,True,38.6,17.0,188.0,2900.0,656.2,7256.8,111940.0,3196.0,49300.0,2.2705882352941176,1.9463609761335874,4.419384334044499,0,4.593715872337826,3.414269803112411,1.989196319252252,2.485327972680968
True,False,False,False,False,True,37.3,20.5,199.0,3775.0,764.65,7422.7,140807.5,4079.5,77387.5,1.819512195121951,2.7133092310014453,4.936899234944092,3,4.29975815982297,3.8049382283808457,0.9891683302101925,2.4144284924939616
True,False,False,False,False,True,35.7,17.0,189.0,3350.0,606.9000000000001,6747.3,119595.00000000001,3213.0,56950.0,2.1,2.628502381344694,5.519855000823858,0,4.459400383698777,3.293038185000767,1.773667524229962,2.742982477712442
True,False,False,False,False,True,41.1,18.6,189.0,3325.0,764.46,7767.900000000001,136657.5,3515.4,61845.00000000001,2.2096774193548385,1.9683757496107648,4.349475446720561,0,4.1993461921173365,3.354758362693095,1.1123518289644476,1.7202229061997165
True,False,False,False,False,True,36.2,17.2,187.0,3150.0,622.64,6769.400000000001,114030.00000000001,3216.4,54180.0,2.104651162790698,2.403772778608711,5.059103173583451,0,4.654022558709556,3.49535421422407,1.8494694657979522,2.729171822660077
True,False,False,False,False,True,37.7,19.8,198.0,3500.0,746.46,7464.6,131950.0,3920.4,69300.0,1.9040404040404042,2.4625516256358657,4.688797792246068,3,4.289665892800524,3.633222130579885,0.9813799908362485,2.250055185406017
True,False,False,False,False,True,40.2,17.0,176.0,3450.0,683.4000000000001,7075.200000000001,138690.0,2992.0,58650.0,2.364705882352941,2.134848147323086,5.04828797190518,0,4.5703148505191855,3.4923739455310394,1.9243350708018356,2.433318472965534
True,False,False,False,False,True,41.4,18.5,202.0,3875.0,765.9,8362.8,160425.0,3737.0,71687.5,2.2378378378378376,2.2608462274498824,5.059407233320277,3,3.24716674101846,2.600684219934488,0.8061248887968147,1.4956540447140299
True,False,False,False,False,True,35.2,15.9,186.0,3050.0,559.6800000000001,6547.200000000001,107360.00000000001,2957.4,48495.0,2.2138364779874213,2.4615831611570242,5.44954259576901,0,4.813507624200282,3.483948005802524,2.447467802533393,3.169978465671988
True,False,False,False,False,True,40.6,19.0,199.0,4000.0,771.4,8079.400000000001,162400.0,3781.0,76000.0,2.136842105263158,2.4266543716178504,5.185377236193934,3,3.440768745223589,2.870489814000016,0.435630257398253,1.638279222803973
True,False,False,False,False,True,38.8,17.6,191.0,3275.0,682.88,7410.799999999999,127069.99999999999,3361.6000000000004,57640.00000000001,2.204545454545454,2.175443724093953,4.795864573570759,0,4.197990696096373,3.1470602757803006,1.4080046973556968,2.1403101617359495
True,False,False,False,False,True,41.5,18.3,195.0,4300.0,759.45,8092.5,178450.0,3568.5,78690.0,2.26775956284153,2.496733923646393,5.661992231219961,3,3.1627632731743462,2.5574565884624305,0.6180855746826411,1.57960465641698
True,False,False,False,False,True,39.0,17.1,191.0,3050.0,666.9000000000001,7449.0,118950.0,3266.1000000000004,52155.00000000001,2.280701754385965,2.0052596975673898,4.573399310241415,0,4.324483995862812,3.1780571687469115,1.7714349200052335,2.279959918435384
True,False,False,False,False,True,44.1,18.0,210.0,4000.0,793.8000000000001,9261.0,176400.0,3780.0,72000.0,2.45,2.0567561869797046,5.039052658100276,4,2.5898106661281095,2.0933677084157054,1.5155377641305265,1.3788896670625836
True,False,False,False,False,True,38.5,17.9,190.0,3325.0,689.15,7315.0,128012.5,3400.9999999999995,59517.49999999999,2.1508379888268156,2.243211334120425,4.824784154393093,0,4.258743376079645,3.2539253315663244,1.295596711842081,2.158682401506677
True,False,False,False,False,True,43.1,19.2,197.0,3500.0,827.52,8490.7,150850.0,3782.3999999999996,67200.0,2.244791666666667,1.8841414505735863,4.229505027068832,3,3.752437257127807,3.145311735606272,0.9468102759199274,1.2401808078189378
True,False,False,False,True,False,36.8,18.5,193.0,3500.0,680.8,7102.4,128799.99999999999,3570.5,64750.0,1.989189189189189,2.584475425330813,5.141010575793185,0,4.2676577371149635,3.36721675235463,1.0880546527851733,2.3437162349135012
True,False,False,False,True,False,37.5,18.5,199.0,4475.0,693.75,7462.5,167812.5,3681.5,82787.5,2.027027027027027,3.1822222222222223,6.45045045045045,3,3.3777906906746122,2.7855464975738258,0.8884185906978225,2.329418238411204
True,False,False,False,True,False,38.1,17.6,187.0,3425.0,670.5600000000001,7124.7,130492.5,3291.2000000000003,60280.00000000001,2.164772727272727,2.359449163342771,5.107671200190885,0,4.300365439802396,3.253834022006465,1.3827226130106354,2.2849544373725132
True,False,False,False,True,False,41.1,17.5,190.0,3900.0,719.25,7809.0,160290.0,3325.0,68250.0,2.3485714285714288,2.3087715559344306,5.422314911366006,0,3.548981000656563,2.637333896624641,1.0154600983907733,1.689298428229819
True,False,False,False,True,False,35.6,17.5,191.0,3175.0,623.0,6799.6,113030.0,3342.5,55562.5,2.0342857142857143,2.50520767579851,5.096308186195826,0,4.57629040643676,3.4611064356785337,1.7385429705601616,2.7228751706009846
True,False,False,False,True,False,40.2,20.1,200.0,3975.0,808.0200000000001,8040.000000000001,159795.0,4020.0000000000005,79897.5,2.0,2.45971634365486,4.91943268730972,3,3.761562375692603,3.357703046184198,0.6167740255092896,1.867345385641135
True,False,False,False,True,False,37.0,16.5,185.0,3400.0,610.5,6845.0,125800.0,3052.5,56100.0,2.242424242424242,2.483564645726808,5.569205569205569,0,4.4211662605805575,3.204496470156588,1.9049798360667152,2.686364666310938
True,False,False,False,True,False,39.7,17.9,193.0,4250.0,710.63,7662.1,168725.0,3454.7,76075.0,2.217877094972067,2.6965465170136222,5.980608755611218,3,3.374466527357361,2.608458194410944,0.7586300937188827,1.9076196366406153
True,False,False,False,True,False,40.2,17.1,193.0,3400.0,687.4200000000001,7758.6,136680.0,3300.3,58140.00000000001,2.350877192982456,2.103908319101012,4.946030083500625,0,3.8451096457927636,2.7566172198004093,1.4422169547769905,1.921160990513691
True,False,False,False,True,False,40.6,17.2,187.0,3475.0,698.32,7592.2,141085.0,3216.4,59770.0,2.36046511627907,2.1081559853430076,4.976228663077099,0,4.009735347692511,2.9530640478033656,1.4296026967773023,1.9331482770887367
True,False,False,False,True,False,32.1,15.5,188.0,3050.0,497.55,6034.8,97905.0,2914.0,47275.0,2.070967741935484,2.959986801370328,6.130037182192744,0,5.081491209412192,3.713526559201753,2.8272050236408908,3.7007170040662114
True,False,False,False,True,False,40.7,17.0,190.0,3725.0,691.9000000000001,7733.000000000001,151607.5,3230.0,63325.0,2.394117647058824,2.248730749959251,5.383725971961265,0,3.656133660884978,2.6077972039591124,1.3105454684050795,1.8474787674311697
True,False,False,False,True,False,37.3,16.8,192.0,3000.0,626.64,7161.599999999999,111899.99999999999,3225.6000000000004,50400.0,2.220238095238095,2.15627223655744,4.787437763309077,0,4.462755463549485,3.251447188696251,1.9753120155775865,2.604983551386009
True,False,False,False,True,False,39.0,18.7,185.0,3650.0,729.3,7215.0,142350.0,3459.5,68255.0,2.085561497326203,2.3997370151216306,5.004799122446181,0,4.305824051943943,3.477088767617601,0.943173859043906,2.0924611386768586
True,False,False,False,True,False,39.2,18.6,190.0,4250.0,729.1200000000001,7448.000000000001,166600.0,3534.0000000000005,79050.0,2.10752688172043,2.7657746772178253,5.828944481018213,3,3.6844274576226566,3.01487590994272,0.5324201009471902,2.007022401188141
True,False,False,False,True,False,36.6,18.4,184.0,3475.0,673.4399999999999,6734.400000000001,127185.0,3385.6,63939.99999999999,1.9891304347826089,2.5941353877392572,5.160073651698741,0,4.634250438677329,3.6853909582882167,1.346197262177229,2.5483954988497293
True,False,False,False,True,False,36.0,17.8,195.0,3450.0,640.8000000000001,7020.0,124200.0,3471.0,61410.0,2.0224719101123596,2.662037037037037,5.383895131086142,0,4.219555092721183,3.200238851556532,1.387858230154704,2.5148241790639756
True,False,False,False,True,False,37.8,18.1,193.0,3750.0,684.18,7295.4,141750.0,3493.3,67875.0,2.0883977900552484,2.6245065927605618,5.481013768306586,0,3.921652581703588,3.021712485843586,0.9031698016992553,2.147371465747648
True,False,False,False,True,False,36.0,17.1,187.0,3700.0,615.6,6732.0,133200.0,3197.7000000000003,63270.00000000001,2.1052631578947367,2.8549382716049383,6.010396361273554,0,4.266857037136196,3.1667478395363977,1.5550518797398831,2.6588605457879497
True,False,False,False,True,False,41.5,18.5,201.0,4000.0,767.75,8341.5,166000.0,3718.5,74000.0,2.2432432432432434,2.3225431847873423,5.210029306414849,3,3.1756350789040244,2.5609144344990713,0.7143892495353055,1.481707870089208
False,False,True,True,False,False,46.1,13.2,211.0,4500.0,608.52,9727.1,207450.0,2785.2,59400.0,3.4924242424242427,2.1174378061462162,7.394991126010649,2,2.083481190105731,0.6428209497740657,3.547311974083014,3.091758139867285
False,False,True,True,False,False,50.0,16.3,230.0,5700.0,815.0,11500.0,285000.0,3749.0,92910.0,3.067484662576687,2.28,6.993865030674846,1,0.6835264708972021,2.1741736125258506,4.012449708586765,3.5286726297671027
False,False,True,True,False,False,48.7,14.1,210.0,4450.0,686.6700000000001,10227.0,216715.0,2961.0,62745.0,3.4539007092198584,1.876299179066404,6.4805510652860905,2,1.7970339959348332,0.7006269221816848,3.3081358158844063,2.5862835904581116
False,False,True,True,False,False,50.0,15.2,218.0,5700.0,760.0,10900.0,285000.0,3313.6,86640.0,3.2894736842105265,2.28,7.5,1,0.45264437876744096,1.5982291452733652,3.7993447206061113,3.2828973637177086
False,False,True,True,False,False,47.6,14.5,215.0,5400.0,690.2,10234.0,257040.0,3117.5,78300.0,3.282758620689655,2.383306263681943,7.8238191828455514,1,0.9078700403021537,0.9665869571007705,3.5589466609262095,3.161036780446259
False,False,True,True,False,False,46.5,13.5,210.0,4550.0,627.75,9765.0,211575.0,2835.0,61425.0,3.4444444444444446,2.1042895132385246,7.24810832337714,2,1.9593741072332054,0.5312776466257013,3.4217083611067998,2.940096193573228
False,False,True,True,False,False,45.4,14.6,211.0,4800.0,662.8399999999999,9579.4,217920.0,3080.6,70080.0,3.1095890410958904,2.32878573230608,7.241566592239455,2,1.5465802710393948,0.23728889600607014,2.9821464775340876,2.6711451058792606
False,False,True,True,False,False,46.7,15.3,219.0,5200.0,714.5100000000001,10227.300000000001,242840.00000000003,3350.7000000000003,79560.0,3.0522875816993467,2.3843476745732244,7.277714797553567,1,0.7563443065806161,0.9342602474855956,3.261133344799423,2.9120122303145273
False,False,True,True,False,False,43.3,13.4,209.0,4400.0,580.22,9049.699999999999,190520.0,2800.6,58960.0,3.231343283582089,2.3468043458549572,7.583330460859673,2,2.370527246251699,0.7745498290622113,3.2717484565622974,3.069092230366057
False,False,True,True,False,False,46.8,15.4,215.0,5150.0,720.72,10062.0,241019.99999999997,3311.0,79310.0,3.038961038961039,2.3513404923661336,7.145632145632145,2,0.8862990652354132,0.8337104742342072,3.059336744694426,2.6971073612493774
False,False,True,True,False,False,40.9,13.7,214.0,4650.0,560.3299999999999,8752.6,190185.0,2931.7999999999997,63705.0,2.985401459854015,2.7797538273922324,8.298681134331556,2,2.2841080141128858,0.9077020212656823,3.2780539860358333,3.3312121906559757
False,False,True,True,False,False,49.0,16.1,216.0,5550.0,788.9000000000001,10584.0,271950.0,3477.6000000000004,89355.00000000001,3.043478260869565,2.3115368596418158,7.03511218151857,1,0.48452701841012463,1.5481664169946596,3.3061561152617025,2.8550501321450925
False,False,True,True,False,False,45.5,13.7,214.0,4650.0,623.35,9737.0,211575.0,2931.7999999999997,63705.0,3.321167883211679,2.2461055428088397,7.459693591080452,2,1.78405719285605,0.3275393558554842,3.410226441496566,3.034055255775128
False,False,True,True,False,False,48.4,14.6,213.0,5850.0,706.64,10309.199999999999,283140.0,3109.7999999999997,85410.0,3.315068493150685,2.49726794617854,8.278614287331598,1,0.9872589641518313,1.5316937291209425,3.810673942250584,3.452165505510537
False,False,True,True,False,False,45.8,14.6,210.0,4200.0,668.68,9618.0,192360.0,3066.0,61320.0,3.136986301369863,2.00225014778513,6.281031285517737,2,2.070978267519851,0.6736304029158665,2.8542484396064585,2.364540006639104
False,False,True,True,False,False,49.3,15.7,217.0,5850.0,774.0099999999999,10698.099999999999,288405.0,3406.8999999999996,91845.0,3.140127388535032,2.4069220609835877,7.558041885763751,1,0.5481586468368047,1.7625840976928855,3.6772865950780496,3.2658747743880836
False,False,True,True,False,False,42.0,13.5,210.0,4150.0,567.0,8820.0,174300.0,2835.0,56025.0,3.111111111111111,2.352607709750567,7.319223985890653,2,2.638164398337065,1.0483470940279749,3.199059820083505,3.080751844738631
False,False,True,True,False,False,49.2,15.2,221.0,6300.0,747.84,10873.2,309960.0,3359.2,95760.0,3.2368421052631584,2.6026174895895298,8.42426187419769,1,1.0163090203271106,2.2250084305554845,4.269338485560464,3.9418601685933123
False,False,True,True,False,False,46.2,14.5,209.0,4800.0,669.9000000000001,9655.800000000001,221760.0,3030.5,69600.0,3.1862068965517243,2.2488334176645863,7.165248544558889,2,1.575569316920716,0.3449121728023464,3.017053136291626,2.6254154125108085
False,False,True,True,False,False,48.7,15.1,222.0,5350.0,735.37,10811.400000000001,260545.00000000003,3352.2,80785.0,3.2251655629139075,2.2557754175292724,7.27524919428315,1,0.43606451639097593,1.2538424222279254,3.661679326010673,3.16387838565106
False,False,True,True,False,False,50.2,14.3,218.0,5700.0,717.8600000000001,10943.6,286140.0,3117.4,81510.0,3.5104895104895104,2.2618688592244562,7.940266904410329,1,0.8180860786881414,1.553382359395711,4.0864532342770366,3.545187813502265
False,False,True,True,False,False,45.1,14.5,215.0,5000.0,653.95,9696.5,225500.0,3117.5,72500.0,3.110344827586207,2.4581983372746445,7.645844483523205,2,1.3406296369636197,0.41982373556741076,3.211404137276754,2.9586153352360536
False,False,True,True,False,False,46.5,14.5,213.0,4400.0,674.25,9904.5,204600.0,3088.5,63800.0,3.206896551724138,2.0349173314834084,6.525769373377827,2,1.762283282988052,0.42404477979838345,3.0537079060577597,2.529756269258376
False,False,True,True,False,False,46.3,15.8,215.0,5050.0,731.54,9954.5,233815.0,3397.0,79790.0,2.9303797468354427,2.355751064752833,6.903245208737732,2,0.9977355973506645,0.8959487502910459,2.841444470281498,2.519611585912634
False,False,True,True,False,False,42.9,13.1,215.0,5000.0,561.99,9223.5,214500.0,2816.5,65500.0,3.2748091603053435,2.7167859335691507,8.896955461840959,2,2.0139807745078793,0.8795222649533202,3.711927275975946,3.6052492252883863
False,False,True,True,False,False,46.1,15.1,215.0,5100.0,696.11,9911.5,235110.0,3246.5,77010.0,3.0529801324503314,2.3997628469657117,7.326428294378762,2,1.038932829878675,0.6637330136743821,3.0902124361208347,2.778462849098761
False,False,True,True,False,False,47.8,15.0,215.0,5650.0,717.0,10277.0,270070.0,3225.0,84750.0,3.1866666666666665,2.4728208539766463,7.880055788005579,1,0.7379168674432648,1.3094179154814394,3.5596968791858754,3.2123197739831597
False,False,True,True,False,False,48.2,14.3,210.0,4600.0,689.2600000000001,10122.0,221720.0,3003.0,65780.0,3.370629370629371,1.9799934574129232,6.673824101209992,2,1.6289696314599822,0.5475586291551745,3.214270539627199,2.569914960742422
False,False,True,True,False,False,50.0,15.3,220.0,5550.0,765.0,11000.0,277500.0,3366.0,84915.0,3.2679738562091503,2.22,7.254901960784314,1,0.2669850154313365,1.5156243334677613,3.7466698333745803,3.193906613778296
False,False,True,True,False,False,47.3,15.3,222.0,5250.0,723.6899999999999,10500.599999999999,248324.99999999997,3396.6000000000004,80325.0,3.091503267973856,2.346588953600115,7.254487418646106,1,0.6089246853119608,1.1159403966718702,3.4487119763528655,3.0529230966687795
False,False,True,True,False,False,42.8,14.2,209.0,4700.0,607.7599999999999,8945.199999999999,201160.0,2967.7999999999997,66740.0,3.0140845070422535,2.5657262643025596,7.733315782545743,2,2.0354830434788296,0.5753907121467811,2.9544853744452,2.8904317043328116
False,False,True,True,False,False,45.1,14.5,207.0,5050.0,653.95,9335.7,227755.0,3001.5,73225.0,3.110344827586207,2.482780320647391,7.722302928358436,2,1.616238298053259,0.6202492287086496,3.0079192355607614,2.796082473494246
False,False,True,True,False,False,59.6,17.0,230.0,6050.0,1013.2,13708.0,360580.0,3910.0,102850.0,3.5058823529411764,1.703189045538489,5.971180418476115,1,2.0990836693547736,3.5804515482002217,5.13327221895752,4.186762927048051
False,False,True,True,False,False,49.1,14.8,220.0,5150.0,726.6800000000001,10802.0,252865.0,3256.0,76220.0,3.3175675675675675,2.1362114807886146,7.087025926129795,1,0.688561223585344,1.0289946459856811,3.6136863875158096,3.029070551109167
False,False,True,True,False,False,48.4,16.3,220.0,5400.0,788.92,10648.0,261360.0,3586.0,88020.0,2.969325153374233,2.3051704118571137,6.844800486741368,1,0.4329521260127331,1.520205852463982,3.2599767468199117,2.8284536133733407
False,False,True,True,False,False,42.6,13.7,213.0,4950.0,583.62,9073.800000000001,210870.0,2918.1,67815.0,3.109489051094891,2.7276334060702236,8.481546211576026,2,1.9281754481923523,0.6936573454802665,3.36787961301878,3.3164709222200672
False,False,True,True,False,False,44.4,17.3,219.0,5250.0,768.12,9723.6,233100.0,3788.7000000000003,90825.0,2.566473988439306,2.663136109082055,6.834869551632558,1,1.3273589449535046,1.7332236401231595,2.620265860802352,2.6326584232957573
False,False,True,True,False,False,44.0,13.6,208.0,4350.0,598.4,9152.0,191400.0,2828.7999999999997,59160.0,3.235294117647059,2.246900826446281,7.269385026737968,2,2.326673456493366,0.7233543324413104,3.1726880787144305,2.9021977212285868
False,False,True,True,False,False,48.7,15.7,208.0,5350.0,764.59,10129.6,260545.00000000003,3265.6,83995.0,3.101910828025478,2.2557754175292724,6.997214193227743,1,1.0359899396683996,1.270384954908063,3.0256144640576164,2.546211303398471
False,False,True,True,False,False,42.7,13.7,208.0,3950.0,584.99,8881.6,168665.0,2849.6,54115.0,3.1167883211678835,2.166413461380252,6.752252175250859,2,2.749972134464311,1.1655395485691187,3.0764050659476943,2.8723558279374872
False,False,True,True,False,False,49.6,16.0,225.0,5700.0,793.6,11160.0,282720.0,3600.0,91200.0,3.1,2.3169224765868885,7.182459677419355,1,0.3433237246822298,1.8930839445030057,3.8233519843454813,3.3569693581731
False,False,True,True,False,False,45.3,13.7,210.0,4300.0,620.6099999999999,9513.0,194790.0,2877.0,58910.0,3.3065693430656933,2.095424664610227,6.928666956703889,2,2.1858649224164743,0.6247794507352207,3.2289945094649584,2.813980344159704
False,False,True,True,False,False,49.6,15.0,216.0,4750.0,744.0,10713.6,235600.0,3240.0,71250.0,3.3066666666666666,1.9307687304890737,6.384408602150538,2,1.1123833240582472,0.8549885535352727,3.298253209794364,2.5530260093843307
False,False,True,True,False,False,50.5,15.9,222.0,5550.0,802.95,11211.0,280275.0,3529.8,88245.0,3.1761006289308176,2.1762572296833644,6.912011955912572,1,0.15798473144897776,1.7376308451017433,3.7104852508168977,3.129578837187029
False,False,True,True,False,False,43.6,13.9,217.0,4900.0,606.0400000000001,9461.2,213640.0,3016.3,68110.0,3.1366906474820144,2.57764497937884,8.085274899346576,2,1.6964687146149162,0.5611508220071472,3.4200761145007017,3.2616718432484775
False,False,True,True,False,False,45.5,13.9,210.0,4200.0,632.45,9555.0,191100.0,2919.0,58380.0,3.273381294964029,2.0287404902789516,6.640841173215273,2,2.2161575218931553,0.6888945485496429,3.1432300986258332,2.689067071198028
False,False,True,True,False,False,50.5,15.9,225.0,5400.0,802.95,11362.5,272700.0,3577.5,85860.0,3.1761006289308176,2.1174394667189493,6.725200821968989,1,0.30718327670722795,1.7271803312298426,3.747844687878852,3.13364524449327
False,False,True,True,False,False,44.9,13.3,213.0,5100.0,597.17,9563.699999999999,228990.0,2832.9,67830.0,3.37593984962406,2.5297493564020024,8.540281661838337,2,1.7375770661611027,0.7261184249636822,3.6741060326895694,3.4291170778378284
False,False,True,True,False,False,45.2,15.8,215.0,5300.0,714.1600000000001,9718.0,239560.00000000003,3397.0,83740.0,2.8607594936708862,2.594173388675699,7.421306149882378,1,1.01347794211873,1.0740861756800535,2.91463951157492,2.771250157051315
False,False,True,True,False,False,46.6,14.2,210.0,4850.0,661.72,9786.0,226010.0,2982.0,68870.0,3.2816901408450705,2.2334174510490157,7.329384029498882,2,1.5403416637331073,0.3483051972879088,3.2107575162511814,2.7846868124881063
False,False,True,True,False,False,48.5,14.1,220.0,5300.0,683.85,10670.0,257050.0,3102.0,74730.0,3.4397163120567376,2.253161866298225,7.7502376252102065,1,0.9186444244204719,1.0591040337605693,3.8731718484245614,3.369525017080958
False,False,True,True,False,False,45.1,14.4,210.0,4400.0,649.44,9471.0,198440.0,3024.0,63360.0,3.1319444444444446,2.163214536801687,6.775067750677506,2,1.9662800887963918,0.43672676027627805,2.9191945562760964,2.550908660617746
False,False,True,True,False,False,50.1,15.0,225.0,5000.0,751.5,11272.5,250500.0,3375.0,75000.0,3.3400000000000003,1.9920239361596168,6.65335994677312,1,0.7815482164061902,1.3065367574111553,3.7738357299737255,3.0838172197153377
False,False,True,True,False,False,46.5,14.4,217.0,4900.0,669.6,10090.5,227850.0,3124.8,70560.0,3.2291666666666665,2.2661579373337957,7.317801672640382,2,1.24277832055907,0.42474757237859095,3.3576574493733786,2.943041717903099
False,False,True,True,False,False,45.0,15.4,220.0,5050.0,693.0,9900.0,227250.0,3388.0,77770.0,2.922077922077922,2.493827160493827,7.287157287157287,2,1.07709599771021,0.8710233166204298,3.097328250784377,2.884478880264141
False,False,True,True,False,False,43.8,13.9,208.0,4300.0,608.8199999999999,9110.4,188340.0,2891.2000000000003,59770.0,3.151079136690647,2.2414044744688395,7.062842876383825,2,2.3170409810728456,0.7178795517717329,3.0198060366312562,2.7685590800836506
False,False,True,True,False,False,45.5,15.0,220.0,5000.0,682.5,10010.0,227500.0,3300.0,75000.0,3.033333333333333,2.4151672503320856,7.326007326007326,2,1.0935041921089357,0.7183155191632552,3.2360836659752206,2.948119086095857
False,False,True,True,False,False,43.2,14.5,208.0,4450.0,626.4000000000001,8985.6,192240.0,3016.0,64525.0,2.9793103448275864,2.3844735939643344,7.1040868454661545,2,2.147821615999562,0.6407545549454147,2.7423224516202587,2.6097583421380004
False,False,True,True,False,False,50.4,15.3,224.0,5550.0,771.12,11289.6,279720.0,3427.2000000000003,84915.0,3.2941176470588234,2.184901738473167,7.197323373793962,1,0.29289021450133146,1.6711900306160918,3.9312584084228526,3.3520861116419773
False,False,True,True,False,False,45.3,13.8,208.0,4200.0,625.14,9422.4,190260.0,2870.4,57960.0,3.2826086956521734,2.046693858456501,6.718495057107208,2,2.3090473804017693,0.7619883738619799,3.1280557606483583,2.6995674376248333
False,False,True,True,False,False,46.2,14.9,221.0,5300.0,688.3800000000001,10210.2,244860.00000000003,3292.9,78970.0,3.1006711409395975,2.4830868986713144,7.699235887155349,1,0.8329480617870063,0.9968854210559863,3.49177661165312,3.195414245728917
False,False,True,True,False,False,45.7,13.9,214.0,4400.0,635.23,9779.800000000001,201080.0,2974.6,61160.0,3.287769784172662,2.106785285062413,6.926625001967791,2,1.9223570517529889,0.4360468863086168,3.2878377086719928,2.8455248614699657
False,False,True,True,False,False,54.3,15.7,231.0,5650.0,852.5099999999999,12543.3,306795.0,3626.7,88705.0,3.4585987261146496,1.9162350898256397,6.627488240607149,1,1.0628207012635964,2.478692581570963,4.5469839132426815,3.7567265561705296
False,False,True,True,False,False,45.8,14.2,219.0,4700.0,650.3599999999999,10030.199999999999,215260.0,3109.7999999999997,66740.0,3.2253521126760565,2.2406132606166933,7.226766713820039,2,1.493267511736691,0.44018181356381686,3.404607189578779,3.0092668619824208
False,False,True,True,False,False,49.8,16.8,230.0,5700.0,836.64,11454.0,283860.0,3864.0,95760.0,2.964285714285714,2.2983500266124746,6.812966150315548,1,0.8219741392338722,2.2905265526534095,3.905375676287034,3.4525677755343693
False,False,True,True,False,False,49.5,16.2,229.0,5800.0,801.9,11335.5,287100.0,3709.7999999999997,93960.0,3.055555555555556,2.3671053974084275,7.232822047636863,1,0.660267274793787,2.154289258693519,4.010600467048283,3.5823006239603226
False,False,True,True,False,False,43.5,14.2,220.0,4700.0,617.6999999999999,9570.0,204450.0,3124.0,66740.0,3.063380281690141,2.4838155634826267,7.608871620527765,2,1.7316631719083062,0.6288200025768378,3.3448855018285713,3.163103475128301
False,False,True,True,False,False,50.7,15.0,223.0,5550.0,760.5,11306.1,281385.0,3345.0,83250.0,3.3800000000000003,2.15912141264895,7.297830374753452,1,0.4197006806634778,1.6298779689892036,4.000729863342636,3.394723387947753
False,False,True,True,False,False,47.7,15.0,216.0,4750.0,715.5,10303.2,226575.0,3240.0,71250.0,3.18,2.087645970403772,6.638714185883997,2,1.1760379774820018,0.5765656976978016,3.1334900435562316,2.5699465728203688
False,False,True,True,False,False,46.4,15.6,221.0,5000.0,723.8399999999999,10254.4,232000.0,3447.6,78000.0,2.9743589743589745,2.322384066587396,6.907603890362512,1,0.9017763606757727,0.9617176577681458,3.135712356968327,2.7764526369732607
False,False,True,True,False,False,48.2,15.6,221.0,5100.0,751.9200000000001,10652.2,245820.0,3447.6,79560.0,3.08974358974359,2.1952101375665016,6.782636450686242,1,0.6056964541668575,1.1171017094192222,3.311088187091035,2.802103961608424
False,False,True,True,False,False,46.5,14.8,217.0,5200.0,688.2,10090.5,241800.0,3211.6000000000004,76960.0,3.1418918918918917,2.4049023008440282,7.555943039814007,2,0.9342909031584029,0.7514787611527864,3.34122739590979,3.000619820327231
False,False,True,True,False,False,46.4,15.0,216.0,4700.0,696.0,10022.4,218080.0,3240.0,70500.0,3.0933333333333333,2.1830410225921524,6.752873563218391,2,1.3210589018338403,0.44193583771314066,3.0230206077677733,2.580624708192252
False,False,True,True,False,False,48.6,16.0,230.0,5800.0,777.6,11178.0,281880.0,3680.0,92800.0,3.0375,2.4555877322223916,7.458847736625514,1,0.7217338708509626,2.1005815469046314,4.032105785600815,3.66543675130571
False,False,True,True,False,False,47.5,14.2,209.0,4600.0,674.5,9927.5,218500.0,2967.7999999999997,65320.0,3.3450704225352115,2.038781163434903,6.81986656782802,2,1.7171281618002985,0.4784967085616849,3.1750677428671117,2.602363278970622
False,False,True,True,False,False,51.1,16.3,220.0,6000.0,832.9300000000001,11242.0,306600.0,3586.0,97800.0,3.1349693251533743,2.297785317917747,7.20348648745993,1,0.7171449526226574,2.2212057275017556,3.9086099723966194,3.4076553701635457
False,False,True,True,False,False,45.2,13.8,215.0,4750.0,623.7600000000001,9718.0,214700.0,2967.0,65550.0,3.2753623188405796,2.324966716265956,7.615108375016031,2,1.6852544505734426,0.3124961781597106,3.410707450682922,3.08096957408102
False,False,True,True,False,False,45.2,16.4,223.0,5950.0,741.28,10079.6,268940.0,3657.2,97579.99999999999,2.75609756097561,2.912326728796303,8.026656593999569,1,1.055027427977575,2.016014814437475,3.548430315698251,3.517192976866495
False,False,True,True,False,False,49.1,14.5,212.0,4625.0,711.95,10409.2,227087.5,3074.0,67062.5,3.386206896551724,1.9184423492519111,6.496242713673713,2,1.4673135035840614,0.6717127695251055,3.2731453947743754,2.544819312460216
False,False,True,True,False,False,52.5,15.6,221.0,5450.0,819.0,11602.5,286125.0,3447.6,85020.0,3.3653846153846154,1.9773242630385488,6.654456654456655,1,0.5123562658049219,1.8064837696606542,3.8870850769507603,3.1222334981947713
False,False,True,True,False,False,47.4,14.6,212.0,4725.0,692.04,10048.8,223965.0,3095.2,68985.0,3.2465753424657535,2.1030283608396094,6.8276400208080466,2,1.416373589944189,0.3804732280807189,3.120451911481699,2.581332510958433
False,False,True,True,False,False,50.0,15.9,224.0,5350.0,795.0,11200.0,267500.0,3561.6,85065.0,3.144654088050314,2.14,6.729559748427673,1,0.2738593793240454,1.6130791123419057,3.63387149218078,3.04400112904202
False,False,True,True,False,False,44.9,13.8,212.0,4750.0,619.62,9518.8,213275.0,2925.6000000000004,65550.0,3.253623188405797,2.3561391064528454,7.665988831864691,2,1.7869638048095016,0.29978233549883737,3.3066624827796924,3.0132751236244992
False,False,True,True,False,False,50.8,17.3,228.0,5600.0,878.84,11582.4,284480.0,3944.4,96880.0,2.936416184971098,2.17000434000868,6.372035865459014,1,0.9294000593441805,2.3774676358305746,3.7597436016903854,3.2199491200012673
False,False,True,True,False,False,43.4,14.4,218.0,4600.0,624.96,9461.199999999999,199640.0,3139.2000000000003,66240.0,3.013888888888889,2.442183949542356,7.360471070148489,2,1.7946971647113938,0.5470837335188898,3.1568754347060746,2.9821432293243255
False,False,True,True,False,False,51.3,14.2,218.0,5300.0,728.4599999999999,11183.4,271890.0,3095.6,75260.0,3.612676056338028,2.0139150127864607,7.275622546193341,1,0.9172287661601001,1.3459116072690707,4.001856030588644,3.2843658528399002
False,False,True,True,False,False,47.5,14.0,212.0,4875.0,665.0,10070.0,231562.5,2968.0,68250.0,3.392857142857143,2.160664819944598,7.330827067669173,2,1.4501327200165115,0.456935561003093,3.4154282893798893,2.9058067691335863
False,False,True,True,False,False,52.1,17.0,230.0,5550.0,885.7,11983.0,289155.0,3910.0,94350.0,3.0647058823529414,2.0446432189683943,6.266230100485491,1,0.9620027209336866,2.4334870673824374,3.992076128774512,3.338817018003541
False,False,True,True,False,False,47.5,15.0,218.0,4950.0,712.5,10355.0,235125.0,3270.0,74250.0,3.1666666666666665,2.193905817174515,6.947368421052632,2,0.94748809801425,0.6932808732948166,3.263594275392418,2.7720828400791975
False,False,True,True,False,False,52.2,17.1,228.0,5400.0,892.6200000000001,11901.6,281880.0,3898.8,92340.00000000001,3.052631578947368,1.9817677368212445,6.049606775559588,1,0.9407992147325295,2.3280608292664082,3.8140396072624,3.1079201286547535
False,False,True,True,False,False,45.5,14.5,212.0,4750.0,659.75,9646.0,216125.0,3074.0,68875.0,3.1379310344827585,2.2944088878154814,7.199696854869269,2,1.5598542596562956,0.13158309604177387,3.041954629049052,2.7039631993180504
False,False,True,True,False,False,49.5,16.1,224.0,5650.0,796.95,11088.0,279675.0,3606.4000000000005,90965.00000000001,3.074534161490683,2.305887154372003,7.089528828659263,1,0.2918319071646939,1.8378090106041869,3.7190396516714004,3.250818781736961
False,False,True,True,False,False,44.5,14.7,214.0,4850.0,654.15,9523.0,215825.0,3145.7999999999997,71295.0,3.0272108843537415,2.449185708875142,7.414201635710464,2,1.4940354469929211,0.33806069811196493,3.009291115562339,2.797099561264533
False,False,True,True,False,False,50.8,15.7,226.0,5200.0,797.56,11480.8,264160.0,3548.2,81640.0,3.2356687898089174,2.0150040300080603,6.5198856512362715,1,0.527126281569137,1.6399475843924618,3.7695015348170524,3.0807451002508657
False,False,True,True,False,False,49.4,15.8,216.0,4925.0,780.52,10670.4,243295.0,3412.8,77815.0,3.1265822784810124,2.0181448638725437,6.30989596679137,1,0.8554608008967075,1.0961423238228076,3.0855006079047733,2.4012937803524474
False,False,True,True,False,False,46.9,14.6,222.0,4875.0,684.74,10411.8,228637.5,3241.2,71175.0,3.212328767123288,2.2163019808056887,7.119490609574437,2,1.1220962562223946,0.7428562555145838,3.4925604565215354,3.036834764954572
False,False,True,True,False,False,48.4,14.4,203.0,4625.0,696.96,9825.199999999999,223850.0,2923.2000000000003,66600.0,3.3611111111111107,1.9743357694146575,6.635961891643709,2,1.8955786414466362,0.8900588218476225,3.051269349861106,2.4025234578820576
False,False,True,True,False,False,51.1,16.5,225.0,5250.0,843.15,11497.5,268275.0,3712.5,86625.0,3.096969696969697,2.0105621531780287,6.226650062266501,1,0.6070218831691424,1.8682928421510874,3.5963012649412405,2.9037756761766436
False,False,True,True,False,False,48.5,15.0,219.0,4850.0,727.5,10621.5,235225.0,3285.0,72750.0,3.2333333333333334,2.0618556701030926,6.666666666666667,2,0.9666246259677348,0.8010219846419677,3.342803157443984,2.7332578390406725
False,False,True,True,False,False,55.9,17.0,228.0,5600.0,950.3,12745.199999999999,313040.0,3876.0,95200.0,3.288235294117647,1.7921089602247817,5.892875933915606,1,1.3643963786214421,2.808916916272801,4.350468169224978,3.4589466529206203
False,False,True,True,False,False,47.2,15.5,215.0,4975.0,731.6,10148.0,234820.0,3332.5,77112.5,3.045161290322581,2.233104711289859,6.800164024056861,2,0.971197743448011,0.7726330319679712,2.970501661128634,2.522714396732296
False,False,True,True,False,False,49.1,15.0,228.0,5500.0,736.5,11194.800000000001,270050.0,3420.0,82500.0,3.2733333333333334,2.281390901813084,7.46775288526816,1,0.5890963153281868,1.6433346846112638,4.047270769242064,3.5551704273484996
False,False,True,True,False,False,46.8,16.1,215.0,5500.0,753.48,10062.0,257399.99999999997,3461.5000000000005,88550.00000000001,2.9068322981366457,2.511140331653152,7.299463821202951,1,0.7607753023428477,1.3755398176148215,3.0617356334304606,2.812138104897472
False,False,True,True,False,False,41.7,14.7,210.0,4700.0,612.99,8757.0,195990.0,3087.0,69090.0,2.8367346938775513,2.7028736722851927,7.66733551933963,2,2.0590534365535325,0.7566378051390971,2.7359721362127427,2.817011838767727
False,False,True,True,False,False,53.4,15.8,219.0,5500.0,843.72,11694.6,293700.0,3460.2000000000003,86900.0,3.3797468354430378,1.9287688142630701,6.518750296306831,1,0.6937127945952766,1.9572384129717126,3.8949196783296687,3.0763798737503323
False,False,True,True,False,False,43.3,14.0,208.0,4575.0,606.1999999999999,9006.4,198097.5,2912.0,64050.0,3.0928571428571425,2.4401431550650976,7.5470141867370515,2,2.1365234441948138,0.5827962309601911,3.001410827397451,2.8576222034238272
False,False,True,True,False,False,48.1,15.1,209.0,5500.0,726.3100000000001,10052.9,264550.0,3155.9,83050.0,3.185430463576159,2.3772373044722315,7.572524128815519,1,1.0264016888885183,1.2052054837369885,3.2876871049244376,2.8943877898610015
False,False,True,True,False,False,50.5,15.2,216.0,5000.0,767.5999999999999,10908.0,252500.0,3283.2,76000.0,3.322368421052632,1.9605920988138419,6.51380927566441,1,0.8295479199338455,1.1051061810403704,3.4082208746845217,2.652752528648033
False,False,True,True,False,False,49.8,15.9,229.0,5950.0,791.8199999999999,11404.199999999999,296310.0,3641.1,94605.0,3.132075471698113,2.3991548523410917,7.514334065823041,1,0.7413659094913719,2.2361090049613073,4.1951188433891335,3.767798258422231
False,False,True,True,False,False,43.5,15.2,213.0,4650.0,661.1999999999999,9265.5,202275.0,3237.6,70680.0,2.861842105263158,2.457391993658343,7.032667876588023,2,1.7259651319911913,0.5863690755689399,2.661134348969171,2.5469150185921188
False,False,True,True,False,False,51.5,16.3,230.0,5500.0,839.45,11845.0,283250.0,3749.0,89650.0,3.1595092024539877,2.0737110000942596,6.551908988027875,1,0.716821628592984,2.1669866667423596,4.028397761557908,3.387864248289619
False,False,True,True,False,False,46.2,14.1,217.0,4375.0,651.4200000000001,10025.400000000001,202125.0,3059.7,61687.5,3.276595744680851,2.0497179588088676,6.716097141629056,2,1.8104773736145165,0.524058554242113,3.330271458526095,2.832754235343241
False,False,True,True,False,False,55.1,16.0,230.0,5850.0,881.6,12673.0,322335.0,3680.0,93600.0,3.44375,1.9268711236128997,6.635662431941924,1,1.2103645576416535,2.7102201096188363,4.641458852767853,3.8533199733347407
False,False,True,True,False,False,48.8,16.2,222.0,6000.0,790.56,10833.599999999999,292800.0,3596.3999999999996,97200.0,3.0123456790123457,2.519484009674819,7.58955676988464,1,0.6670725888865139,2.0773278087554576,3.809086038158504,3.4817190127917916
False,False,True,True,False,False,47.2,13.7,214.0,4925.0,646.64,10100.800000000001,232460.0,2931.7999999999997,67472.5,3.445255474452555,2.21066144785981,7.616293455400223,2,1.472155934843459,0.5257606060784124,3.590095800578611,3.1160729570732855
False,False,True,True,False,False,46.8,14.3,215.0,4850.0,669.24,10062.0,226980.0,3074.5,69355.0,3.2727272727272725,2.214369201548689,7.247026477795709,2,1.3317553166592768,0.3339749234586938,3.3297348004599736,2.876726198391777
False,False,True,True,False,False,50.4,15.7,222.0,5750.0,791.28,11188.8,289800.0,3485.3999999999996,90275.0,3.210191082802548,2.263636936255984,7.266707107471439,1,0.307903461852962,1.849518706652089,3.8750289986703446,3.3498529940084145
False,False,True,True,False,False,45.2,14.8,212.0,5200.0,668.96,9582.400000000001,235040.00000000003,3137.6000000000004,76960.0,3.054054054054054,2.5452267209648363,7.773259985649366,2,1.263008813257914,0.6754899725017339,3.102437732621256,2.9025854938080973
False,False,True,True,False,False,49.9,16.1,213.0,5400.0,803.3900000000001,10628.699999999999,269460.0,3429.3,86940.00000000001,3.0993788819875774,2.168665989293216,6.72151756930009,1,0.6796330613367018,1.4920212664100374,3.196017288289929,2.6171878570829237
False,True,False,False,True,False,46.5,17.9,192.0,3500.0,832.3499999999999,8928.0,162750.0,3436.7999999999997,62649.99999999999,2.597765363128492,1.6186842409527114,4.204961854988888,4,3.528610094289394,2.7966374614988316,1.550423438845535,0.812670402240085
False,True,False,False,True,False,50.0,19.5,196.0,3900.0,975.0,9800.0,195000.0,3822.0,76050.0,2.5641025641025643,1.56,4.0,4,3.338821608229865,3.1750150758230813,1.798888061262384,0.5110285528543128
False,True,False,False,True,False,51.3,19.2,193.0,3650.0,984.9599999999999,9900.9,187245.0,3705.6,70080.0,2.671875,1.386941471069921,3.705734243014945,4,3.5848742521922867,3.320589952806983,2.0910961861161557,0.5957828260715341
False,True,False,False,True,False,45.4,18.7,188.0,3525.0,848.9799999999999,8535.199999999999,160035.0,3515.6,65917.5,2.427807486631016,1.7102020221622776,4.152041273057081,4,3.865607408192701,3.206870944640763,1.292517675553117,1.0340859736343864
False,True,False,False,True,False,52.7,19.8,197.0,3725.0,1043.46,10381.900000000001,196307.5,3900.6000000000004,73755.0,2.6616161616161618,1.34123552095748,3.569854139114101,4,3.5639283721607535,3.5037971369918894,2.339049235151843,0.8815484014765095
False,True,False,False,True,False,45.2,17.8,198.0,3950.0,804.5600000000001,8949.6,178540.0,3524.4,70310.0,2.539325842696629,1.9333933745790586,4.909515760167047,4,2.921984781960405,2.270223442928826,1.2380839191185606,0.8760357089270798
False,True,False,False,True,False,46.1,18.2,178.0,3250.0,839.02,8205.800000000001,149825.0,3239.6,59150.0,2.5329670329670333,1.5292606377722673,3.8735667802912923,0,4.454167561663354,3.66038097514514,1.9677371523203668,1.6530948871142412
False,True,False,False,True,False,51.3,18.2,197.0,3750.0,933.66,10106.099999999999,192375.0,3585.3999999999996,68250.0,2.8186813186813184,1.4249398675375902,4.016451384872438,4,3.107585561153933,2.777738588761722,2.1496811340619457,0.41213100814378595
False,True,False,False,True,False,46.0,18.9,195.0,4150.0,869.4,8970.0,190900.0,3685.4999999999995,78435.0,2.433862433862434,1.9612476370510397,4.773406947319991,4,3.109343264581615,2.748802861147778,1.064946047226803,0.7869156155949929
False,True,False,False,True,False,51.3,19.9,198.0,3700.0,1020.8699999999999,10157.4,189810.0,3940.2,73630.0,2.577889447236181,1.4059406693037555,3.6243596148383244,4,3.5492964379173757,3.4457786998996363,2.114597293541124,0.7756425392336028
False,True,False,False,True,False,46.6,17.8,193.0,3800.0,829.48,8993.800000000001,177080.0,3435.4,67640.0,2.6179775280898876,1.7498940853579916,4.581183392004629,4,3.206915419096575,2.542102184283605,1.4417344506681233,0.7044420649259193
False,True,False,False,True,False,51.7,20.3,194.0,3775.0,1049.51,10029.800000000001,195167.5,3938.2000000000003,76632.5,2.5467980295566504,1.4123289772493441,3.5969166563443893,4,3.7670477706055747,3.701272045377619,2.1799583376423017,1.005982251048879
False,True,False,False,True,False,47.0,17.3,185.0,3700.0,813.1,8695.0,173900.0,3200.5,64010.0,2.7167630057803467,1.6749660479855137,4.550485795105153,4,3.6016358300811833,2.8122763312008243,1.7933764700102923,1.1743387009820248
False,True,False,False,True,False,52.0,18.1,201.0,4050.0,941.2,10452.0,210600.0,3638.1000000000004,73305.0,2.87292817679558,1.4977810650887573,4.303017424564386,4,2.679594787272097,2.548280218138045,2.2865315470774523,0.6860009917799669
False,True,False,False,True,False,45.9,17.1,190.0,3575.0,784.89,8721.0,164092.5,3249.0000000000005,61132.50000000001,2.6842105263157894,1.696878218728789,4.5547783765878025,4,3.469600544970251,2.579531840842708,1.6878723045629551,1.139471550667124
False,True,False,False,True,False,50.5,19.6,201.0,4050.0,989.8000000000001,10150.5,204525.0,3939.6000000000004,79380.0,2.576530612244898,1.588079600039212,4.091735704182663,4,3.0737459867999024,3.0719311979113866,1.938107877642332,0.7008032736082861
False,True,False,False,True,False,50.3,20.0,197.0,3300.0,1006.0,9909.099999999999,165990.0,3940.0,66000.0,2.5149999999999997,1.3043014280124423,3.280318091451292,4,3.9365825441759545,3.667851639232215,2.126771277815146,0.967843305947717
False,True,False,False,True,False,58.0,17.8,181.0,3700.0,1032.4,10498.0,214600.0,3221.8,65860.0,3.258426966292135,1.0998810939357908,3.583882216195273,4,4.126392935527134,3.8880321989618225,3.4888016835148274,2.0084450066079054
False,True,False,False,True,False,46.4,18.6,190.0,3450.0,863.0400000000001,8816.0,160080.0,3534.0000000000005,64170.00000000001,2.494623655913978,1.6024450059453033,3.9974972191323688,4,3.7855737461272323,3.142845214607984,1.4583459190306227,0.859552706825523
False,True,False,False,True,False,49.2,18.2,195.0,4400.0,895.44,9594.0,216480.0,3549.0,80080.0,2.7032967032967035,1.8177011038403064,4.913785401590279,4,2.6863511287787154,2.477842363268228,1.7610469731591674,0.7923773028587429
False,True,False,False,True,False,42.4,17.3,181.0,3600.0,733.52,7674.4,152640.0,3131.3,62280.0,2.450867052023121,2.00249199003204,4.90784164030974,0,4.087931363207167,3.1161239534756233,1.5663054193737591,1.8529970724775833
False,True,False,False,True,False,48.5,17.5,191.0,3400.0,848.75,9263.5,164900.0,3342.5,59500.0,2.7714285714285714,1.445424593474333,4.0058910162002945,4,3.5620994892935047,2.8269153069870803,1.9827569361440323,0.8724284402915562
False,True,False,False,True,False,43.2,16.6,187.0,2900.0,717.1200000000001,8078.400000000001,125280.00000000001,3104.2000000000003,48140.00000000001,2.602409638554217,1.5539266117969819,4.043953592146362,0,4.300005730911883,3.1585394693986366,2.172383375939572,2.0105171297584294
False,True,False,False,True,False,50.6,19.4,193.0,3800.0,981.64,9765.800000000001,192280.0,3744.2,73720.0,2.6082474226804124,1.4841662891155931,3.8710728984148974,4,3.5117713226596154,3.291652241966108,1.92108742644497,0.5668790487724583
False,True,False,False,True,False,46.7,17.9,195.0,3300.0,835.93,9106.5,154110.0,3490.4999999999995,59069.99999999999,2.608938547486034,1.5131437165560846,3.947698970009451,4,3.584619766326662,2.8362643146525586,1.7090464502135678,0.868529593227241
False,True,False,False,True,False,52.0,19.0,197.0,4150.0,988.0,10244.0,215800.0,3743.0,78850.0,2.736842105263158,1.5347633136094674,4.200404858299595,4,2.997628008745105,2.9747862386522588,2.1556824524272233,0.6934097338127755
False,True,False,False,True,False,50.5,18.4,200.0,3400.0,929.1999999999999,10100.0,171700.0,3679.9999999999995,62559.99999999999,2.7445652173913047,1.3332026271934123,3.6590615583297463,4,3.3543037711449473,2.9351613388322875,2.162257355241963,0.5786517503360361
False,True,False,False,True,False,49.5,19.0,200.0,3800.0,940.5,9900.0,188100.0,3800.0,72200.0,2.6052631578947367,1.550862156922763,4.040404040404041,4,3.127428044797986,2.883603385199379,1.7875118123318052,0.2953060970483723
False,True,False,False,True,False,46.4,17.8,191.0,3700.0,825.92,8862.4,171680.0,3399.8,65860.0,2.6067415730337076,1.718564209274673,4.479852770244092,4,3.3892396533590983,2.6777879955924293,1.4645328604475534,0.8092337683599902
False,True,False,False,True,False,52.8,20.0,205.0,4550.0,1056.0,10824.0,240240.0,4100.0,91000.0,2.6399999999999997,1.6320879247015612,4.308712121212121,4,2.813428992813899,3.2393103813258404,2.502680607794177,1.4558290899884292
False,True,False,False,True,False,40.9,16.6,187.0,3200.0,678.94,7648.3,130880.0,3104.2000000000003,53120.00000000001,2.4638554216867465,1.9129488704634716,4.7132294459009625,0,4.170401511452648,2.9968292471681566,1.8620719187276606,2.115094118932123
False,True,False,False,True,False,54.2,20.8,201.0,4300.0,1127.3600000000001,10894.2,233060.0,4180.8,89440.0,2.605769230769231,1.463760025054125,3.814220834516037,4,3.4368363384397673,3.791953709769285,2.7063997692458788,1.5947791594232528
False,True,False,False,True,False,42.5,16.7,187.0,3350.0,709.75,7947.5,142375.0,3122.9,55945.0,2.5449101796407185,1.8546712802768166,4.719971821063755,0,3.940694181640894,2.833797212690618,1.7566529655825194,1.8203665371427564
False,True,False,False,True,False,51.0,18.8,203.0,4100.0,958.8000000000001,10353.0,209100.0,3816.4,77080.0,2.7127659574468086,1.576316801230296,4.276178556528994,4,2.7234853544856055,2.696352078335472,2.0789115698088967,0.6486825241263814
False,True,False,False,True,False,49.7,18.6,195.0,3600.0,924.4200000000001,9691.5,178920.0,3627.0000000000005,66960.0,2.672043010752688,1.457436773558858,3.894333744401895,4,3.3937076697364894,2.974625112828863,1.869694626479984,0.2982211636867813
False,True,False,False,True,False,47.5,16.8,199.0,3900.0,798.0,9452.5,185250.0,3343.2000000000003,65520.0,2.827380952380952,1.7285318559556786,4.887218045112782,4,2.684535470751383,1.9260312813626008,1.8945102495808372,0.9797925367717861
False,True,False,False,True,False,47.6,18.3,195.0,3850.0,871.08,9282.0,183260.0,3568.5,70455.0,2.601092896174863,1.699209095402867,4.419800707168113,4,3.1415397213714966,2.6480639826711676,1.46990747855141,0.3869793970238538
False,True,False,False,True,False,52.0,20.7,210.0,4800.0,1076.3999999999999,10920.0,249600.0,4347.0,99360.0,2.5120772946859904,1.7751479289940828,4.459308807134895,4,2.8383177130354755,3.465980974242962,2.668184600417147,1.950089222204862
False,True,False,False,True,False,46.9,16.6,192.0,2700.0,778.5400000000001,9004.8,126630.0,3187.2000000000003,44820.00000000001,2.8253012048192767,1.2274903278308429,3.468029902124489,4,4.164242340201925,3.136548778833668,2.546304946202362,1.7892629116839014
False,True,False,False,True,False,53.5,19.9,205.0,4500.0,1064.6499999999999,10967.5,240750.0,4079.4999999999995,89550.0,2.6884422110552766,1.5721897108917808,4.226741182548256,4,2.8300238746614164,3.2537294573018016,2.6018297765241574,1.4542192434949026
False,True,False,False,True,False,49.0,19.5,210.0,3950.0,955.5,10290.0,193550.0,4095.0,77025.0,2.5128205128205128,1.6451478550603915,4.13396127681842,4,2.866510412427243,2.8763989523630675,1.9772968120539498,1.0468300144511133
False,True,False,False,True,False,46.2,17.5,187.0,3650.0,808.5,8639.4,168630.0,3272.5,63875.0,2.64,1.7100504113491126,4.5145330859616575,4,3.5870497253904174,2.789029809800359,1.6090586558433977,1.0924532160332057
False,True,False,False,True,False,50.9,19.1,196.0,3550.0,972.19,9976.4,180695.0,3743.6000000000004,67805.0,2.664921465968586,1.3702278438017454,3.651549594215122,4,3.5205044974245108,3.225207325083404,2.067402753860545,0.5046928447637998
False,True,False,False,True,False,45.5,17.0,196.0,3500.0,773.5,8918.0,159250.0,3332.0,59500.0,2.676470588235294,1.6906170752324599,4.524886877828054,4,3.2815539739565756,2.357098567453486,1.705496028498019,1.1295001627882613
False,True,False,False,True,False,50.9,17.9,196.0,3675.0,911.1099999999999,9976.4,187057.5,3508.3999999999996,65782.5,2.8435754189944134,1.4184753030905393,4.033541504318908,4,3.1531223421789507,2.7172347811121966,2.1439596718294482,0.47995085659935804
False,True,False,False,True,False,50.8,18.5,201.0,4450.0,939.8,10210.8,226060.0,3718.5,82325.0,2.745945945945946,1.7243784487568976,4.735050010640562,4,2.4514250267713384,2.507769657800877,2.0718898126836067,0.8999846941625232
False,True,False,False,True,False,50.1,17.9,190.0,3400.0,896.79,9519.0,170340.0,3400.9999999999995,60859.99999999999,2.7988826815642462,1.3545762765885394,3.791300081401443,4,3.6554442374975467,3.0539290682385025,2.142284215845185,0.8034727559303808
False,True,False,False,True,False,49.0,19.6,212.0,4300.0,960.4000000000001,10388.0,210700.0,4155.200000000001,84280.0,2.5,1.7909204498125781,4.4773011245314445,4,2.5847334135378253,2.8076241928319106,2.069977267833825,1.335961865579649
False,True,False,False,True,False,51.5,18.7,187.0,3250.0,963.05,9630.5,167375.0,3496.9,60775.0,2.7540106951871657,1.2253746818738807,3.3746949794922383,4,4.0692754188877425,3.5857981000033727,2.3818250539221606,1.0748946339817806
False,True,False,False,True,False,49.8,17.3,198.0,3675.0,861.54,9860.4,183015.0,3425.4,63577.5,2.8786127167630053,1.4818309382106742,4.265617382826102,4,2.968929476354653,2.3836885155918113,2.1120556455201167,0.6730987109909256
False,True,False,False,True,False,48.1,16.4,199.0,3325.0,788.8399999999999,9571.9,159932.5,3263.6,54529.99999999999,2.932926829268293,1.4371480067945763,4.215049946757264,4,3.215786265155357,2.2939712009983935,2.31226549577084,1.27753178204992
False,True,False,False,True,False,51.4,19.0,201.0,3950.0,976.6,10331.4,203030.0,3819.0,75050.0,2.705263157894737,1.4951021211524778,4.044644685644071,4,2.9803649886014325,2.9040441634666414,2.107629830173871,0.5481002500072892
False,True,False,False,True,False,45.7,17.3,193.0,3600.0,790.6100000000001,8820.1,164520.0,3338.9,62280.0,2.6416184971098264,1.7237334150510655,4.553446073285184,4,3.3409195149268234,2.491202515815736,1.5634580192700147,1.006065133560596
False,True,False,False,True,False,50.7,19.7,203.0,4050.0,998.79,10292.1,205335.0,3999.1,79785.0,2.5736040609137056,1.5755750849059906,4.054906436788515,4,3.0421039310127016,3.091526852646272,2.019468329876044,0.8132466847325045
False,True,False,False,True,False,42.5,17.3,187.0,3350.0,735.25,7947.5,142375.0,3235.1,57955.0,2.4566473988439306,1.8546712802768166,4.556273376402584,0,3.990060599208822,2.977234286928245,1.5369221374976805,1.680776853080483
False,True,False,False,True,False,52.2,18.8,197.0,3450.0,981.3600000000001,10283.400000000001,180090.0,3703.6000000000004,64860.0,2.776595744680851,1.2661293874135728,3.5155294693078987,4,3.5233757526662277,3.2266835663550117,2.3513751116556767,0.6884743832388824
False,True,False,False,True,False,45.2,16.6,191.0,3250.0,750.3200000000002,8633.2,146900.0,3170.6000000000004,53950.00000000001,2.7228915662650603,1.5907667006030228,4.331485232967267,0,3.7078298294684764,2.6574431234233744,1.979274704766933,1.4960493979766458
False,True,False,False,True,False,49.3,19.9,203.0,4050.0,981.0699999999998,10007.9,199665.0,4039.7,80595.0,2.477386934673367,1.6663306576040224,4.128145799993885,4,3.1072732459292203,3.1152207541082246,1.7941818205007438,0.8516137770109233
False,True,False,False,True,False,50.2,18.8,202.0,3800.0,943.7600000000001,10140.400000000001,190760.0,3797.6000000000004,71440.0,2.670212765957447,1.5079125728163043,4.026447401881834,4,3.0048796185670743,2.792880116023429,1.958063996356253,0.3938332894146664
False,True,False,False,True,False,45.6,19.4,194.0,3525.0,884.64,8846.4,160740.0,3763.6,68385.0,2.350515463917526,1.6952331486611263,3.984671730873576,4,3.7670141191069155,3.2641189706796467,1.2113468951204798,0.8993638560123549
False,True,False,False,True,False,51.9,19.5,206.0,3950.0,1012.05,10691.4,205005.0,4017.0,77025.0,2.6615384615384614,1.466433522299071,3.9029692208882962,4,2.9854589199924293,3.0714439850745285,2.3014325055006406,0.9345831739379787
False,True,False,False,True,False,46.8,16.5,189.0,3650.0,772.1999999999999,8845.199999999999,170820.0,3118.5,60225.0,2.836363636363636,1.6664840382789103,4.726754726754727,4,3.374798233928314,2.4330138600141176,1.9812211644976423,1.3060394952550984
False,True,False,False,True,False,45.7,17.0,195.0,3650.0,776.9000000000001,8911.5,166805.0,3315.0,62050.0,2.6882352941176473,1.7476741569267746,4.698159351267859,4,3.1748273798256386,2.2832181611146134,1.6467512168520493,1.0682254803694402
False,True,False,False,True,False,55.8,19.8,207.0,4000.0,1104.84,11550.599999999999,223200.0,4098.6,79200.0,2.818181818181818,1.2846700325021518,3.62043372796061,4,3.191384592022349,3.5017738543136177,2.99831822532693,1.5314298631358936
False,True,False,False,True,False,43.5,18.1,202.0,3400.0,787.35,8787.0,147900.0,3656.2000000000003,61540.00000000001,2.4033149171270716,1.7968027480512618,4.318282847526513,4,3.42723189802194,2.658374693049661,1.3642352329897731,1.2475846393137735
False,True,False,False,True,False,49.6,18.2,193.0,3775.0,902.72,9572.800000000001,187240.0,3512.6,68705.0,2.7252747252747254,1.5344530437044743,4.1818060971286775,4,3.2473897438684993,2.7953686934628696,1.8414239262834522,0.3611024956484032
False,True,False,False,True,False,50.8,19.0,210.0,4100.0,965.1999999999999,10668.0,208280.0,3990.0,77900.0,2.6736842105263157,1.588753177506355,4.247824285122255,4,2.574468597366506,2.685621239919632,2.2459965727238687,1.0471840489674042
False,True,False,False,True,False,50.2,18.7,198.0,3775.0,938.74,9939.6,189505.0,3702.6,70592.5,2.6844919786096257,1.4979920953635655,4.021347764024117,4,3.1468339289860476,2.858261787129854,1.9066739354215736,0.18211382617037458
